Accuracy,Balanced_Accuracy,AUROC,AUPRC,MCC,Precision,Sensitivity,Specificity,F1,Fold
0.8793256433007985,0.8608146689817,0.9398914646460977,0.8969589499414011,0.7216293379634002,0.8100558659217877,0.8100558659217877,0.9115734720416124,0.8100558659217877,1
0.8845983133599645,0.8683250429674356,0.9478552656706103,0.89249339565705,0.7344759310518563,0.8146611341632088,0.8237762237762237,0.9128738621586476,0.8191933240611962,2
0.8770528184642699,0.8680372293506233,0.9457519073903988,0.8994914783052084,0.7227849484213514,0.78515625,0.8433566433566434,0.8927178153446034,0.813216453135536,3
0.8739458499778073,0.8586516864150153,0.9415861121972955,0.8869017618294822,0.7116242137638019,0.7924016282225237,0.8167832167832167,0.900520156046814,0.8044077134986226,4
0.8859298712827341,0.8708877483889024,0.948286766282717,0.9086121105499041,0.738260581334709,0.8148148148148148,0.8296089385474861,0.9121665582303188,0.8221453287197232,5
