Accuracy,Balanced_Accuracy,AUROC,AUPRC,MCC,Precision,Sensitivity,Specificity,F1
0.8801704242854607,0.8653415069682089,0.9446066113712656,0.8963039813964688,0.7256149932755253,0.8031581813231691,0.8247134470226447,0.905969566913773,0.8137931034482758
