Index,MolWt,LogP,NumHDonors,NumHAcceptors,TPSA,NumRotatableBonds,NumAromaticRings,NumSaturatedRings,NumHeteroatoms,RingCount,HeavyAtomCount,NumAliphaticRings
0,608.5490000000002,-1.0897,8.0,15.0,238.19999999999996,7.0,3.0,2.0,15.0,5.0,43.0,2.0
1,228.247,2.9738000000000016,3.0,3.0,60.69,2.0,2.0,0.0,3.0,2.0,17.0,0.0
2,338.4030000000001,5.610700000000005,0.0,4.0,52.580000000000005,6.0,3.0,0.0,4.0,3.0,25.0,0.0
3,372.41700000000014,3.776300000000003,2.0,6.0,93.04,7.0,3.0,0.0,6.0,3.0,27.0,0.0
4,432.51300000000026,3.890900000000003,1.0,7.0,75.61000000000001,6.0,2.0,0.0,7.0,3.0,31.0,1.0
5,1701.2060000000006,4.838100000000016,25.0,46.0,777.9800000000005,21.0,10.0,1.0,46.0,11.0,122.0,1.0
6,482.4410000000002,2.3627,5.0,10.0,155.14,4.0,3.0,0.0,10.0,5.0,35.0,2.0
7,482.4410000000002,2.3627,5.0,10.0,155.14,4.0,3.0,0.0,10.0,5.0,35.0,2.0
8,480.42500000000024,3.164400000000002,5.0,10.0,159.04999999999998,4.0,4.0,0.0,10.0,5.0,35.0,1.0
